{"cameraMode":{"drawMode":0,"name":"Shaded","section":"Shading Mode"},"sceneLighting":true,"audioPlay":false,"sceneViewState":{"m_AlwaysRefresh":false,"showFog":true,"showSkybox":true,"showFlares":true,"showImageEffects":true,"showParticleSystems":true,"showVisualEffectGraphs":true,"m_FxEnabled":true},"in2DMode":false,"pivot":{"x":5.650811672210693,"y":10.315200805664063,"z":5.382389068603516},"rotation":{"x":0.029994869604706765,"y":-0.004497918300330639,"z":0.00012979039456695318,"w":0.9995285868644714},"size":19.118873596191408,"orthographic":false}