{"cameraMode":{"drawMode":0,"name":"Shaded","section":"Shading Mode"},"sceneLighting":false,"audioPlay":false,"sceneViewState":{"m_AlwaysRefresh":false,"showFog":true,"showSkybox":false,"showFlares":true,"showImageEffects":true,"showParticleSystems":true,"showVisualEffectGraphs":true,"m_FxEnabled":true},"in2DMode":false,"pivot":{"x":14.122262954711914,"y":-35.73902893066406,"z":104.09117889404297},"rotation":{"x":0.17104779183864594,"y":0.007390310522168875,"z":-0.0012842646101489664,"w":0.9852300882339478},"size":58.504783630371097,"orthographic":false}